모델 설명,Leven Distance,Jamo Leven Distance,jaro_winkler
Baseline Model_epoch 1,164.91271820448878,164.0894984760319,0.3164156249314458
Baseline Model_epoch 20,173.43557772236076,172.73870878359645,0.3108538465675689
Albert Model_epoch20_NoDropout,20.92186201163757,20.25048489886397,0.1718865577418844
Albert Model_epoch20_Dropout,14.385702410640066,13.83430313106122,0.1748084853765487
Electra_Ver1,47.34166666666667,47.14722222222223,0.5313519514336148
Electra_Ver2,2.4031587697423107,2.330285397617068,0.8633775924527756
Electra_Ver3,0.9900249376558604,0.9620393460792462,0.9442350834433108
Bert KorQuad,5.073981712385702,4.747852590745358,0.6161707591744829
