epoch,train_loss,dev_loss
1,3.1005503596109754,6.122002723201221
2,2.606986630631056,6.48555328040723
3,2.1824626455792284,7.32366752940298
4,1.8177515547447851,7.820478641434221
5,1.4967625067299286,8.587677845102272
6,1.2421534143053106,8.934081109154304
7,1.0344700781892227,10.06033541824644
8,0.8791496292372017,10.287306261378408
9,0.7531288824672397,10.929782725327852
10,,10.603045662507316
